Timestamp,Model,Param_Setting,Episode,Target_Index,Start_X,Start_Y,Target_X,Target_Y,Distance,Steps_Taken,Total_Thrust,Success
15:56:44,HeuristicController,ky=0.5,0,0,0.00,0.00,0.05,0.17,0.18,123,140.23,1
15:56:44,HeuristicController,ky=0.5,0,1,0.00,0.08,-0.02,-0.26,0.34,198,147.65,1
15:56:44,HeuristicController,ky=0.5,0,2,0.02,-0.17,0.26,0.31,0.53,318,396.64,1
15:56:44,HeuristicController,ky=0.5,0,3,0.17,0.35,-0.06,0.08,0.36,260,221.04,1
15:56:44,HeuristicController,ky=0.5,0,4,0.02,0.02,-0.27,-0.03,0.29,69,67.91,1
15:56:44,HeuristicController,ky=0.5,0,5,-0.17,-0.05,-0.34,-0.26,0.27,307,292.71,1
15:56:44,HeuristicController,ky=0.5,0,6,-0.26,-0.32,-0.15,0.03,0.37,725,802.77,0
15:56:44,HeuristicController,ky=1.0,0,0,0.00,0.00,0.13,0.33,0.35,266,303.85,1
15:56:44,HeuristicController,ky=1.0,0,1,0.09,0.42,-0.19,0.00,0.50,515,493.45,1
15:56:44,HeuristicController,ky=1.0,0,2,-0.28,0.02,0.08,-0.14,0.39,479,476.23,1
15:56:44,HeuristicController,ky=1.0,0,3,-0.02,-0.15,0.25,-0.23,0.28,436,439.42,1
15:56:44,HeuristicController,ky=1.0,0,4,0.15,-0.25,-0.13,-0.13,0.31,304,339.20,0
15:56:44,HeuristicController,ky=2.0,0,0,0.00,0.00,0.42,-0.35,0.55,388,357.32,1
15:56:44,HeuristicController,ky=2.0,0,1,0.33,-0.30,0.44,0.08,0.40,128,202.23,1
15:56:44,HeuristicController,ky=2.0,0,2,0.37,0.01,0.28,-0.33,0.34,178,72.87,1
15:56:44,HeuristicController,ky=2.0,0,3,0.32,-0.24,0.03,-0.34,0.31,266,303.06,1
15:56:44,HeuristicController,ky=2.0,0,4,0.12,-0.29,-0.17,-0.31,0.29,115,114.37,1
15:56:44,HeuristicController,ky=2.0,0,5,-0.07,-0.33,0.11,-0.11,0.28,246,260.31,1
15:56:44,HeuristicController,ky=2.0,0,6,0.01,-0.09,0.30,0.09,0.34,383,417.12,1
15:56:44,HeuristicController,ky=2.0,0,7,0.21,0.06,-0.11,0.20,0.35,296,316.96,0
15:56:44,HeuristicController,ky=5.0,0,0,0.00,0.00,0.42,0.26,0.50,455,477.79,1
15:56:44,HeuristicController,ky=5.0,0,1,0.32,0.25,0.26,0.17,0.10,1,0.40,1
15:56:44,HeuristicController,ky=5.0,0,2,0.32,0.25,-0.15,0.38,0.49,428,447.63,1
15:56:44,HeuristicController,ky=5.0,0,3,-0.05,0.37,-0.42,-0.47,0.92,352,289.64,1
15:56:44,HeuristicController,ky=5.0,0,4,-0.38,-0.56,-0.35,-0.08,0.48,260,259.61,1
15:56:44,HeuristicController,ky=5.0,0,5,-0.45,-0.09,0.04,-0.24,0.51,504,519.16,0
15:57:05,HeuristicController,ky=0.5,0,0,0.00,0.00,0.10,0.18,0.21,166,187.11,1
15:57:05,HeuristicController,ky=0.5,0,1,0.02,0.12,0.28,-0.18,0.40,245,197.27,1
15:57:05,HeuristicController,ky=0.5,0,2,0.18,-0.16,-0.32,-0.08,0.51,349,378.51,1
15:57:05,HeuristicController,ky=0.5,0,3,-0.23,-0.12,0.32,0.09,0.59,689,715.81,1
15:57:05,HeuristicController,ky=0.5,0,4,0.22,0.06,0.35,0.30,0.28,439,472.69,1
15:57:05,HeuristicController,ky=0.5,0,5,0.26,0.30,-0.28,0.41,0.55,494,549.79,1
15:57:05,HeuristicController,ky=0.5,0,6,-0.30,0.31,0.15,0.15,0.47,558,564.85,1
15:57:05,HeuristicController,ky=0.5,0,7,0.09,0.07,-0.01,0.40,0.35,483,558.53,1
15:57:05,HeuristicController,ky=0.5,0,8,-0.06,0.31,0.14,0.09,0.30,1577,1707.56,0
15:57:05,HeuristicController,ky=1.0,0,0,0.00,0.00,0.25,-0.42,0.49,318,279.08,1
15:57:05,HeuristicController,ky=1.0,0,1,0.20,-0.51,-0.21,-0.32,0.46,311,326.63,1
15:57:05,HeuristicController,ky=1.0,0,2,-0.11,-0.33,-0.34,0.30,0.66,370,436.87,1
15:57:05,HeuristicController,ky=1.0,0,3,-0.27,0.37,-0.16,-0.20,0.57,436,422.08,1
15:57:05,HeuristicController,ky=1.0,0,4,-0.07,-0.21,-0.19,0.43,0.65,422,543.71,1
15:57:05,HeuristicController,ky=1.0,0,5,-0.28,0.43,-0.35,-0.16,0.59,3143,3630.13,0
15:57:05,HeuristicController,ky=2.0,0,0,0.00,0.00,0.21,0.04,0.22,250,252.72,1
15:57:05,HeuristicController,ky=2.0,0,1,0.11,0.04,0.33,0.21,0.27,87,126.85,1
15:57:05,HeuristicController,ky=2.0,0,2,0.23,0.17,-0.27,0.20,0.51,407,398.62,1
15:57:05,HeuristicController,ky=2.0,0,3,-0.17,0.23,-0.25,0.12,0.13,38,23.37,1
15:57:05,HeuristicController,ky=2.0,0,4,-0.19,0.20,-0.06,-0.29,0.51,306,285.90,1
15:57:05,HeuristicController,ky=2.0,0,5,-0.16,-0.30,0.09,-0.45,0.29,229,200.66,1
15:57:05,HeuristicController,ky=2.0,0,6,0.01,-0.50,-0.47,-0.41,0.49,381,394.62,1
15:57:05,HeuristicController,ky=2.0,0,7,-0.37,-0.41,0.01,-0.15,0.46,575,597.53,1
15:57:05,HeuristicController,ky=2.0,0,8,-0.09,-0.15,-0.33,-0.25,0.26,256,260.99,1
15:57:06,HeuristicController,ky=2.0,0,9,-0.23,-0.27,0.20,0.19,0.63,1701,1827.58,1
15:57:06,HeuristicController,ky=2.0,0,10,0.10,0.17,0.06,-0.28,0.46,158,100.79,1
15:57:06,HeuristicController,ky=2.0,0,11,0.06,-0.18,0.29,-0.34,0.27,355,403.56,1
15:57:06,HeuristicController,ky=2.0,0,12,0.19,-0.35,-0.24,0.39,0.86,257,298.14,0
15:57:06,HeuristicController,ky=5.0,0,0,0.00,0.00,0.27,0.37,0.46,325,367.57,1
15:57:06,HeuristicController,ky=5.0,0,1,0.18,0.32,0.37,-0.22,0.57,182,73.90,1
15:57:06,HeuristicController,ky=5.0,0,2,0.28,-0.20,0.16,0.37,0.58,252,403.10,1
15:57:06,HeuristicController,ky=5.0,0,3,0.25,0.33,0.28,-0.33,0.66,398,297.34,1
15:57:06,HeuristicController,ky=5.0,0,4,0.29,-0.43,-0.30,0.35,0.98,275,340.86,1
15:57:06,HeuristicController,ky=5.0,0,5,-0.27,0.44,-0.34,0.48,0.08,1,1.40,1
15:57:06,HeuristicController,ky=5.0,0,6,-0.27,0.44,0.02,0.42,0.30,288,308.14,1
15:57:06,HeuristicController,ky=5.0,0,7,-0.08,0.42,-0.34,-0.32,0.78,342,295.26,1
15:57:06,HeuristicController,ky=5.0,0,8,-0.41,-0.38,0.18,-0.28,0.60,649,655.98,1
15:57:06,HeuristicController,ky=5.0,0,9,0.08,-0.28,0.10,-0.16,0.13,27,43.20,1
15:57:06,HeuristicController,ky=5.0,0,10,0.13,-0.25,-0.25,0.27,0.65,163,238.30,1
15:57:06,HeuristicController,ky=5.0,0,11,-0.17,0.21,-0.28,0.20,0.10,2,1.82,1
15:57:06,HeuristicController,ky=5.0,0,12,-0.18,0.22,-0.48,0.32,0.31,39,52.24,1
15:57:06,HeuristicController,ky=5.0,0,13,-0.38,0.31,0.28,0.41,0.67,2057,2159.04,0
15:59:17,HeuristicController,ky=0.5,0,0,0.00,0.00,-0.23,-0.18,0.29,243,219.47,1
15:59:17,HeuristicController,ky=0.5,0,1,-0.13,-0.20,-0.04,0.05,0.26,287,328.66,1
15:59:17,HeuristicController,ky=0.5,0,2,-0.13,0.03,-0.21,-0.04,0.10,195,184.67,1
15:59:17,HeuristicController,ky=0.5,0,3,-0.11,-0.05,-0.08,0.37,0.42,373,461.77,1
15:59:22,HeuristicController,ky=0.5,0,4,-0.15,0.30,0.02,0.29,0.17,98902,111571.88,0
15:59:22,HeuristicController,ky=1.0,0,0,0.00,0.00,-0.06,-0.30,0.30,110,63.17,1
15:59:22,HeuristicController,ky=1.0,0,1,-0.00,-0.21,0.48,-0.14,0.48,671,708.16,1
15:59:22,HeuristicController,ky=1.0,0,2,0.38,-0.14,-0.09,0.44,0.75,395,457.95,1
15:59:22,HeuristicController,ky=1.0,0,3,0.00,0.46,0.05,-0.12,0.58,162,81.54,1
15:59:22,HeuristicController,ky=1.0,0,4,-0.05,-0.09,0.46,0.15,0.56,853,919.77,1
15:59:22,HeuristicController,ky=1.0,0,5,0.36,0.14,0.40,-0.26,0.41,547,531.41,1
15:59:22,HeuristicController,ky=1.0,0,6,0.30,-0.27,-0.42,-0.49,0.75,413,449.41,1
15:59:22,HeuristicController,ky=1.0,0,7,-0.51,-0.51,-0.48,-0.11,0.41,291,346.84,1
15:59:22,HeuristicController,ky=1.0,0,8,-0.39,-0.08,-0.44,0.38,0.46,374,488.10,1
15:59:26,HeuristicController,ky=1.0,0,9,-0.45,0.28,-0.29,-0.29,0.59,96184,105399.30,0
15:59:26,HeuristicController,ky=2.0,0,0,0.00,0.00,0.23,-0.20,0.30,246,237.13,1
15:59:26,HeuristicController,ky=2.0,0,1,0.13,-0.23,0.10,-0.37,0.15,210,185.87,1
15:59:26,HeuristicController,ky=2.0,0,2,0.17,-0.45,-0.06,0.14,0.63,828,913.16,1
15:59:26,HeuristicController,ky=2.0,0,3,-0.15,0.11,-0.38,0.46,0.41,169,229.74,1
15:59:30,HeuristicController,ky=2.0,0,4,-0.28,0.47,0.25,-0.12,0.79,98547,106213.65,0
15:59:30,HeuristicController,ky=5.0,0,0,0.00,0.00,0.27,-0.49,0.56,289,266.17,1
15:59:30,HeuristicController,ky=5.0,0,1,0.18,-0.52,-0.26,-0.03,0.66,418,457.97,1
15:59:30,HeuristicController,ky=5.0,0,2,-0.17,0.01,-0.13,-0.38,0.39,126,50.40,1
15:59:30,HeuristicController,ky=5.0,0,3,-0.21,-0.32,0.40,-0.34,0.60,848,895.86,1
15:59:30,HeuristicController,ky=5.0,0,4,0.30,-0.34,-0.18,0.34,0.83,286,384.50,1
15:59:30,HeuristicController,ky=5.0,0,5,-0.09,0.40,0.20,-0.23,0.69,833,828.29,1
15:59:30,HeuristicController,ky=5.0,0,6,0.10,-0.23,0.01,0.11,0.35,4266,4612.01,1
15:59:30,HeuristicController,ky=5.0,0,7,-0.09,0.11,0.15,0.34,0.33,538,589.51,1
15:59:30,HeuristicController,ky=5.0,0,8,0.05,0.34,0.46,0.10,0.47,1849,1943.36,1
15:59:30,HeuristicController,ky=5.0,0,9,0.36,0.12,-0.37,0.13,0.73,256,291.15,1
15:59:30,HeuristicController,ky=5.0,0,10,-0.27,0.14,-0.02,0.33,0.31,259,285.61,1
15:59:30,HeuristicController,ky=5.0,0,11,-0.11,0.29,-0.02,-0.09,0.40,485,469.51,1
15:59:31,HeuristicController,ky=5.0,0,12,-0.11,-0.12,-0.39,-0.09,0.28,3428,3687.07,1
15:59:31,HeuristicController,ky=5.0,0,13,-0.49,-0.08,0.08,0.28,0.67,2774,2969.12,1
15:59:31,HeuristicController,ky=5.0,0,14,-0.02,0.29,0.24,-0.33,0.67,426,409.22,1
15:59:31,HeuristicController,ky=5.0,0,15,0.15,-0.35,-0.29,-0.45,0.44,800,924.50,1
15:59:35,HeuristicController,ky=5.0,0,16,-0.21,-0.51,0.14,-0.40,0.36,82119,90076.24,0
